manager,rider,points
Nick,AYUSO Juan,917
Nick,VINGEGAARD Jonas,1871
Nick,VINE Jay,344
Nick,NARVÁEZ Jhonatan,419
Nick,TARLING Joshua,216
Nick,WILLIAMS Stephen,0
Nick,FORTUNATO Lorenzo,327
Nick,O'CONNOR Ben,400
Tim,PHILIPSEN Jasper,1985
Tim,KOOIJ Olav,1000
Tim,MERLIER Tim,994
Tim,PEDERSEN Mads,1079
Tim,STRONG Corbin,469
Tim,CHRISTEN Jan,771
Tim,BLACKMORE Joseph,0
Tim,HINDLEY Jai,713
Cameron,HEALY Ben,357
Cameron,JORGENSON Matteo,977
Cameron,PIDCOCK Thomas,1724
Cameron,ONLEY Oscar,744
Cameron,ROGLIČ Primož,863
Cameron,ARENSMAN Thymen,788
Cameron,GANNA Filippo,883
Cameron,ALAPHILIPPE Julian,82
Andy,EVENEPOEL Remco,3136
Andy,BRENNAN Matthew,1017
Andy,MCNULTY Brandon,991
Andy,ALMEIDA João,303
Andy,GRÉGOIRE Romain,1093
Andy,MOSCHETTI Matteo,387
Andy,YATES Adam,609
Andy,UIJTDEBROEKS Cian,339
Dave,VAUQUELIN Kévin,731
Dave,CICCONE Giulio,1069
Dave,GALL Felix,1404
Dave,DEL TORO Isaac,2640
Dave,MARTINEZ Lenny,1366
Dave,POWLESS Neilson,39
Dave,GIRMAY Biniam,689
Dave,JEANNIÈRE Emilien,336
Mike,DE LIE Arnaud,449
Mike,SKJELMOSE Mattias,1256
Mike,MAGNIER Paul,1198
Mike,VAN DER POEL Mathieu,1494
Mike,CARAPAZ Richard,1452
Mike,NYS Thibau,132
Mike,SEIXAS Paul,2211
Mike,GEE Derek,610
Campbell,VAN AERT Wout,1493
Campbell,LIPOWITZ Florian,1169
Campbell,MILAN Jonathan,769
Campbell,SCARONI Christian,1374
Campbell,WRIGHT Fred,231
Campbell,PELLIZZARI Giulio,1210
Campbell,STORER Michael,573
Campbell,DEL GROSSO Tibor,281
Joe,PIDCOCK Joseph,7
Joe,CRAPS Lars,81
Joe,JAKOBSEN Fabio,22
Joe,SÖDERQVIST Jakob,407
Joe,WIDAR Jarno,266
Joe,HIRSCHI Marc,306
Joe,WANG Gustav,42
Joe,POGAČAR Tadej,3715
Gemini's Hipsters,BISIAUX Léo,544
Gemini's Hipsters,NORDHAGEN Jørgen,486
Gemini's Hipsters,LAMPERTI Luke,324
Gemini's Hipsters,AUGUST Andrew,437
Gemini's Hipsters,AGOSTINACCHIO Filippo,8
Gemini's Hipsters,FINN Lorenzo,0
Gemini's Hipsters,TULETT Ben,579
Gemini's Hipsters,ABRAHAMSEN Jonas,302
